"url","route","x","y"
"31eeff13-1864-4740-be7b-2af847c6e5d6","","1.2165164","3.958518"
"43b9c82c-e0a7-4fbd-8ad6-a54c71d1ce26","D3D2.0","0.41519442","3.082648"
"9871984a-4359-4046-922b-01fb3bee4dd0","D3D2.0","2.2702882","4.0200176"
"bb247262-65f2-47f1-8243-c15533b0403d","","0.8702747","3.5591474"
"5bed834c-be98-4db0-9ce5-e1321648f0cc","D3D2","5.9617763","3.340837"
"b65bcfff-ecf0-4f21-b770-2859cf7d863b","","6.6937823","3.1606617"
"112db87d-8114-4254-be0e-07268abb90f4","","8.099047","7.312115"
"2f728892-0ba6-444f-8ce1-5db62c26923d","","'-0.13423175","12.837076"
"f7d39835-05f3-4fcb-b619-8629e1235386","D2D1.0","1.0271356","3.749104"
"6465bb27-1ccd-4bb1-962a-8bf0173c0651","D3D2.0","0.45751074","3.1352754"
"6cd05577-efcc-4984-82df-fc38b777a932","D1D2","6.528436","3.1890008"
"52bb8b3a-79de-4356-9094-73bb4f391033","","5.234384","7.847374"
"df7f121e-eb1f-4874-a7c0-bc0ae49ca06f","D5-D1","4.570936","3.6093516"
"767d072f-9cea-450c-a89a-a307b0719fa1","","5.234384","7.847374"
"3f613f6a-8467-4fea-b436-7a948010e0ca","","3.2","5.0"
"a40a8bb8-4ed2-46fd-889b-e762761ba1d8","","6.2335567","3.2782855"
"ce8e5c5d-80fb-48ad-bfa2-b7d78d3fead2","D1D2","6.46504","3.203383"
"1a9c4466-fdbe-45f5-bd5a-555b8cbc5077","","4.92","5.1"
"6ce1259c-2290-478c-99c0-159703f048d4","D2D1.0","6.319065","3.247001"
"1b35f1cb-3c27-4211-88ed-302fc00ab85a","","5.829758","3.364726"
"8cfce2b4-dc45-404c-bfd0-db841e511ed5","D2D2","10.625669","7.119925"
"3b3871c2-ce0f-41cf-bc08-b1ca000ffa9d","","8.184866","2.5076272"
"2f977e54-d27b-4450-9439-5e8d68491ea6","","6.7714624","4.0892625"
"fb67ceee-0750-4aab-8781-3ae691bb6b27","","13.334571","10.551139"
"323eda80-3c8f-4575-9839-e5db98a3a5b9","D3D2.0","1.2725922","9.756247"
"cc49d807-c638-492f-a023-2845db3d7643","D2D2","6.674007","3.163451"
"1502e050-4ce3-4032-8fd1-4827da5200f4","","4.697138","3.5666485"
"f3f77b9e-eb04-45f8-bd93-28304e4b8005","D2D2","0.98204625","3.6220276"
"bfb203da-d235-4ee4-93f2-3e4b82b7f826","","8.143178","3.7968233"
"fc1385df-af43-4b57-8741-de1ee1ee9def","","6.413417","7.2578096"
"55572e84-7676-439f-8d66-5e80d65d9c61","D2D2","0.7877198","3.4515772"
"1ffd2663-cbf1-4ad1-b998-e3852bceae5b","","0.88928133","3.58346"
"69351114-8cb6-449d-9b04-f47dddad2c22","D2D2.0","0.8833808","3.5724802"
"3f5d95e9-5965-4b1c-bf7c-a924cd492b96","","4.8225026","3.583181"
"c3832272-74b0-44d1-a569-7b8ce49014d0","","3.3238466","5.1367483"
"c24d251c-97d7-4bf6-a4a3-941aa21de1c1","D2D1.0","0.4243011","3.1016462"
"cae0bdaf-43d7-4020-88f9-7988351cddc7","","6.022466","3.3270338"
"0b15eb2a-96d0-4652-8ddf-d64c30cdac6e","","0.61604947","3.271917"
"396dbc64-e340-4b57-9b5a-77debfbfc903","D2D1.0","0.6540738","3.305385"
"dfa60625-90e8-4a18-9779-bac3e24cdf24","D2D1.0","5.6837807","3.3897834"
"a649ede8-cec5-4514-849a-1a37f764e466","D2D2","0.6300224","3.307952"
"dc366979-4903-4f8a-aa2c-3d3523b69b31","D3D2.0","6.5569763","3.1811807"
"6babf5f5-5d18-4337-8e45-9edb80093eca","D2D1","5.5227785","3.4227746"
"3be6d845-d33e-4b82-afdf-b606470e9606","","0.601831","3.252099"
"bc920a67-547c-4e2c-b575-80da662e81c7","D3D1.0","0.73617435","3.388453"
"aed8d14d-322f-41ac-905c-9f6b3ff1a22a","D2D1.0","0.86189294","3.5568955"
"4018f5ba-e088-4c3c-9ea6-8bf2debeed47","","1.6372613","6.0466633"
"36e62d81-88af-4be7-942b-53906e115aed","D2D2","1.6173524","8.06741"
"042db071-34ef-4a51-8d65-40fa6824bf23","","4.23134","5.522254"
"020f5359-50a2-4ccb-a2a9-49b1ee0a92e1","","0.64593124","4.939443"
"4d1ec280-df20-40d4-afe3-1473c8af98f5","D2D1.0","0.39910737","3.057508"
"07577811-cead-4184-88ee-c688605cd46b","","0.9651055","3.6233027"
"4e7055e7-bc67-4cf8-b08a-0dec4c38bf23","","4.23134","5.522254"
"8a87208a-3b05-4bbb-83c2-64bfba31c336","","5.679152","3.3673441"
"f3633a8d-ac46-4f09-8ed8-4586377c2804","D2D2","2.0797894","4.0253553"
"d35104d5-e9d6-4403-8a11-3fba1f54122f","D2D2","0.49051535","8.76612"
"3b50267a-727f-4a21-9777-8f8ced3368d5","D3-D5","7.3610673","7.4676642"
"3368e74b-7f98-4886-9340-7f2347c0d184","D1D2","0.74046344","9.765149"
"61c4400c-490c-4774-9af9-49ac89742700","","1.3425889","5.7116566"
"174a5be5-551a-4d5c-83db-64224475183e","D2D1","0.7076268","3.3560135"
"8f9cff5d-eadb-491d-8d10-622d6ebdb546","","5.234384","7.847374"
"0be859ae-63f6-400a-bf78-8eef9dc24129","D2D2.0","0.5776781","3.2701564"
"7045219f-1e39-488a-8128-782ee90a9124","D2D2.0","0.80882454","3.4783347"
"7af9a4a6-6b3b-47b3-a520-0582812df34b","D3D3","3.1515527","2.0214925"
"ccc9d111-b706-4890-aeee-7aa5e55f6d9f","D2D1.0","0.5478021","3.2183135"
"8622484c-6e0d-4ba5-932f-e410515023f7","D3D2","14.887441","5.8633265"
"dd37bd5e-d8de-4b75-bce1-b5e58e169fe9","","5.0894876","15.85328"
"d7e1b8ab-214a-405d-8f3b-2ac13c3560c4","","1.3","5.1"
"e423abe5-e245-4f48-931f-f09d2d30c4e4","","7.8691897","7.401197"
"78c78949-21ab-4589-8ed3-898395cb20b2","D2D3.0","1.2026244","3.9474525"
"ce0a0bc9-4f15-4c96-b4e5-10658d3c0bf2","D3D1","5.4347787","2.4738936"
"a0eea547-818b-4bae-b53f-6a3312b023c6","","6.609204","3.1825762"
"336bdadf-f878-4da6-bd54-4f76dd45ea55","D2D1","10.53523","7.2830606"
"f6dec2fe-3e14-4c98-9613-40f3a2a0c370","","7.4772625","7.420081"
"fae6b25e-37be-4193-a47f-c9967857ca02","","7.730993","7.167783"
"5bb47340-7e62-4417-bdaa-6d4edefa9f37","D2D2","6.655032","3.1756837"
"2a1be37b-9600-4ea3-b5d3-f92db8b621ec","","0.8997675","3.5920117"
"fb975fa4-21bd-4bb4-bb30-73021f154ef4","","5.9592876","3.327223"
"ada17ee7-4e1f-4f33-ba1c-bb6ff90220bd","D3D2","6.780933","3.142029"
"59f881bb-d330-4017-93a4-6af4fae7cda6","","0.6113406","3.2871125"
"f61fa78d-ed11-403d-90cb-c44b6ef45268","","4.352315","9.456891"
"16ba17f7-c76f-4b29-84a2-77a50a5724b7","","7.2127056","5.431389"
"f119569e-e492-4ed1-a773-0d5cab5f6912","","5.7560534","3.3531437"
"fbcb555d-6e9c-4229-a16a-26243a50cb40","","3.2345679","5.3459535"
"1c65d3c2-f433-4d38-84fc-51c1f3e96b9e","D3D1","5.19686","2.5366297"
"77cbed4c-cb04-4676-8bfe-e3f12a393072","D3D1.0","0.9014441","3.5696278"
"069b40fe-74cd-4029-a23c-bd317b504f10","D3-D5","1.2085316","10.172422"
"52064415-ffff-4b96-8d08-b35a9980c89c","","1.1220348","3.8028042"
"0d687023-391c-40d1-8656-57b5672791b7","","6.0731654","3.2815955"
"cb974d05-f205-4073-adae-8f2e94d3b7de","","12.305396","11.327315"
"e8f6765d-3b72-430e-b6e6-cc3d942192f3","","3.2345679","5.3459535"
"f1d76c33-a958-4503-98bf-0793ad27f70a","","0.55108166","3.2112274"
"5047a4ac-11bb-4dd4-8788-63954d6c79c2","","5.3450184","3.4563036"
"4993eb01-a59b-4f68-987c-609a6aacfd34","","7.914313","7.4194984"
"31d39c91-90db-4ae4-8b39-489e4324b8d6","D2D2","0.49414867","3.1523948"
"c4cb0bcb-aac3-4d28-ba86-c32523d542da","D2D1.0","0.45719257","3.137087"
"6e05c6a7-70c9-4d0f-be96-6faf7aa4f8a1","D1D2","6.532631","3.2066288"
"93730858-e340-4006-9487-2330cd46292f","","5.0","9.5"
"bd329280-f1e7-4d56-a64e-8add3986d966","D2D1.0","6.6349263","3.179585"
"e3a0b94a-6302-4859-934f-efe2ccf54173","D2D1","4.2148623","6.5995355"
"c5b81a29-0720-4cb3-b956-6d368ad43197","D2D3.0","1.0121406","3.6927896"
"ed0ca5a9-fccb-472f-ab30-24114399667c","D3-D5","6.2297406","3.2614448"
"02db976c-deff-4ea1-ae1a-722bf36b9a75","D3D2","5.606967","3.419334"
"fada0e2c-5c6d-4b1c-9b4c-bd0d6c9114f1","D2D2","0.75845754","3.3990705"
"f588fe09-0ee0-4268-a862-54d53d00c9b3","D3-D5","1.8726883","8.985555"
"e4785505-f873-4775-82b4-6fbeec5db43c","","0.6387279","3.2912388"
"1a5343f4-59ab-4788-83bf-c8cb988834e9","D1D2","10.886973","7.446917"
"20bbb6fc-0e5d-4a42-bfeb-04806fe1fd06","D2D2","0.766381","3.4609075"
"c224c869-7020-4937-b720-c628e15df3d7","D2D1","0.94879377","3.6205056"
"a39fde06-b116-4fbc-9be4-71e3be532d9f","D2D1","0.5942459","7.9441733"
"e9c92399-761b-476c-94ec-8c7c6ef3dbee","D2D2","0.37722847","3.0542016"
"1d7bc3e6-0752-456c-bc07-f7f8ac97890c","D2D1","0.3886567","3.0423136"
"1a3784bf-81d8-48ac-8405-e52a80df3186","D2D2","0.47723582","3.1468754"
"92aa79fe-dd32-4a4b-a827-b75cae4ac0d4","D3D2.0","0.6037606","3.2675302"
"ec4e32ef-319d-4d54-a7c9-0a4cedc4b451","D1D2","6.4323454","3.212026"
"238deef6-2ca9-4460-8331-602197e00abc","D3-D5","'-0.80364263","13.567416"
"3789eba4-e1e7-4499-813f-11c1331352bc","D1D2","0.49938086","3.190729"
"a4050f48-befd-4c14-b3b3-734c27754b95","","5.2","7.2"
"fdb67934-b667-4090-8a20-392a3e8d9432","D2D2","2.3019345","8.416594"
"48290443-a688-4ea8-b868-83957263b609","D3D2.0","6.581875","3.1678975"
"f6dceae4-24bb-4402-928a-97b32dc412e4","D3D2","15.257715","5.408074"
"78d48aca-4019-473c-8e3c-e98dbdfead9b","","0.27721044","8.21589"
"26293934-d4f4-40c7-b87f-16f9912b4db3","D2D3.0","5.960849","3.335605"
"1fb70bc5-88d4-4333-9cc9-110071513728","D2D1","6.53294","3.2051427"
"ccc90889-f5c9-41ed-a86c-0137d28def62","","6.2284827","3.265325"
"7279e585-5a2c-49d7-94e3-1d81145caff3","D5-D1","5.6811624","3.3630702"
"97e24bd3-059b-46ff-b539-ab2a509015c0","D3D3","5.9593244","3.3337598"
"fdd27f99-a7a2-4b23-a507-d0a93bdeaa49","D2D3.0","5.345832","3.4529896"
"a50503d6-25c8-4cfd-a72f-28eaa25548cb","D2D1.0","0.419929","3.0951638"
"cc1f5da2-c467-403e-a8c1-6cd23534ed5f","D3D1.0","5.756639","3.355891"
"e3f25441-2cf0-447a-a1e7-ad758ef7f479","","6.0208373","3.3206418"
"24a8595c-3a96-46a5-a310-448e716d6e54","","6.98798","7.53232"
"41b77419-bc4d-4eda-af1f-0678ad7dfdb6","D2D2","0.7322045","3.4074354"
"496e2fef-0ee9-45aa-81bc-c64957ee70b7","D2D2.0","6.0224247","3.3272107"
"4416d547-a388-4007-9303-61464394d8f4","D3D3.0","6.132612","3.298414"
"741a244c-1ae4-48e8-b27b-d54d45f876c9","D2D3.0","0.40260273","3.057901"
"7ed8b922-2fe3-4a74-9993-e6b3fa715e77","D2D3.0","0.7338212","3.3816316"
"8ea9c868-a039-48de-9079-5efe7112b581","","3.2","5.0"
"4930e210-484e-4609-8dbf-11c6b92147a3","","0.77794343","3.420696"
"6490654f-a6dc-4121-901a-4019c5e46237","","5.3462887","3.4783287"
"401ccad9-122f-465a-945a-93e5416b1c1f","D2D1.0","0.8561654","3.5497715"
"ee34e00e-7e24-431b-8abd-d185a76c45f4","","0.6860044","3.3645425"
"b00e5daf-e83f-49a4-b283-ccb071896dcd","","8.1482","7.2085643"
"debe98cb-6df0-4c18-970d-76bcd2107ad8","","0.6372586","3.3092816"
"9c35aa0b-fbee-4ada-b23b-621f65eb64bc","","3.3238466","5.1367483"
"a02b94b9-838d-4553-a3d7-8e95f39e991f","D2D2","6.0209346","3.3203328"
"c88210f1-3ea3-47a5-a3ab-5f4acc443021","","2.5062811","4.407112"
"624a3870-60ae-4a4a-a11b-dbebee8a6e5e","","1.0380615","3.7510524"
"85020f1a-ca94-42ae-bcab-114de2aaac7e","D2D1.0","0.7789006","3.4632905"
"05c89800-8708-41c8-9c42-319282ce6ab6","","0.73799324","3.4113061"
"f40a7a98-c733-4130-8a71-548eb6580260","D3D2","6.434554","3.2237146"
"ae97b7a4-3df6-4062-a5d2-42bd2980a375","D2D1.0","1.0130057","3.666393"
"33fbdf5a-04b8-4a82-8ae1-158baf44352d","D2D2","0.4975654","3.154466"
"de8ebb8f-9781-4c7d-83b5-8b8939ed4339","","0.8973646","2.9062994"
"8ba5e01a-cfe1-49bb-a838-588fb85e5e8c","","8.121906","8.813"
"ca2aa0e1-c291-4d0c-abf4-9318383a0595","","6.677193","3.1709015"
"bff6329a-fc65-42a0-9aba-d95a3e2be4f9","D2D1","0.8264838","3.5078888"
"a873b605-3142-4ffb-accd-74e60296b1cb","","4.92","5.1"
"c288621a-3062-4b9f-ad22-4db0179030ab","","4.9234533","5.456789"
"ead1887f-ee09-48fe-b2da-50933368a5e2","","8.311517","7.0232224"
"4cb40dbc-63ee-4bff-a883-025a778ece5f","D5-D1","5.243028","6.9466314"
"fc7a2ab6-c219-4749-9afb-dad30a050929","D3-D5","10.321647","6.9559317"
"f69d9cae-fb30-4196-bad9-52249c86ee25","","6.3186893","3.241729"
"77f2c03c-3fb5-49a9-8a5b-3a773450f1b0","","4.352315","9.456891"
"5eacc302-c8d4-4f32-96ce-adc08e9ad5fc","","0.63836426","3.2958732"
"55c2e299-afca-423d-b8ee-b95de20e43ed","D2D3.0","0.3955607","3.0546045"
"8b3165c1-662c-4b41-98d6-b55b99a679d0","","5.52317","3.423281"
"d3875feb-ecda-4d2a-9848-7e413a959ea4","D2D2","0.70046896","7.871231"
"d7ac924c-cebd-4af9-aabc-0384250ce78e","","13.715601","11.398504"
"72e9bccd-d134-4612-90d2-5a67cf3e025c","","6.1801023","3.273955"
"bb447a93-63d9-4721-91ec-576497709e5e","","0.9487415","3.6049087"
"08a013cb-ae04-43c3-ba37-22fcf143633d","D1D2","6.692631","3.155339"
"f7b7092f-0d29-48bc-9216-21e6ccb8a2e5","D2D1.0","0.47933576","3.1465223"
"86ad58ab-bd24-41fa-98e2-bba30ac92e00","","4.9234533","5.456789"
"55760324-203a-4e65-b5de-1a87ed651290","D2D2","0.37850088","3.049959"
"cf7eb410-97fd-4eca-aff6-15d3f82508fc","","0.5766981","3.2451062"
"0f00f56d-b9f2-4bd6-a5ac-cf853b6d61e3","","6.6501527","7.2806773"
"67c75034-709f-4581-b695-53ec2c8e8576","D2D2","0.50760525","8.218803"
"e695af68-255e-4c89-98fb-9f05d52042d6","D2D2","0.4433366","3.0954633"
"e539b0b2-cc7d-433a-a508-815e68476b11","D2D2","2.1263192","9.681693"
"47d0eb96-be46-443d-b7e5-6378f75a946a","","6.7728815","4.1126423"
"e116bd20-c11e-48c3-b3bc-c9f0efd89afb","","5.602977","3.3890808"
"15afdab7-a52c-4612-9233-0c35d05358fd","","4.352315","9.456891"
"6fb0f011-6571-4483-a0c3-884e61811ba4","","11.234568","6.3456783"
"a043fedf-e407-40fc-a9bf-ce369a70f44c","D3-D5","0.48695177","3.164642"
"3fab34b6-e55e-4e05-bbc3-f518a351a331","D3D1","5.2530026","2.5226765"
"07bf41af-ed06-4e14-8983-ac18a92f9f0c","","5.234384","7.847374"
"d466eb56-153e-4fba-80e9-38a33ebd8060","D2D3.0","'-0.21989752","8.481995"
"fb3d1eb4-8a49-4901-973e-89b43990ec9a","","9.165776","5.0371456"
"dc26a71b-a228-40e0-b951-6c1c68ac1788","D2D2","1.2512722","3.9912965"
"0a212ee5-4703-44b9-9d67-63effa237787","D2D2.0","0.40945932","3.0658858"
"dc162909-d16a-4252-81fa-f1be3f78823c","","6.606619","3.1637754"
"efe7f677-f658-42f6-81fe-e367cd2ac6a0","","3.7676368","9.935517"
"0f341da3-97dc-4d83-b3b2-f24df2574fe7","D3D3.0","6.654991","3.1698775"
"912689e3-45e6-4a45-b4c0-2a9b30ba5063","D2D1","0.38146326","3.054502"
"0fdae4b2-7050-435f-a769-9459e96d3344","","1.0467422","3.7165928"
"8423fc1a-d812-43ec-a3ca-bdaa9d15bb4f","","6.356153","3.2223437"
"ec2cd88c-93a3-4d52-a309-7d4b05f92987","D2D1.0","0.6450487","3.3318374"
"9625c24c-422b-49cd-bbf9-19570a5a950f","D2D2","2.6203978","1.6578782"
"a24ffcfc-2f2f-4138-8bd5-c0900123d0f5","D3-D5","8.955703","7.514826"
"b18da287-2a0b-4691-9cff-b2c8679b2d56","D2D1.0","0.4352728","3.1073902"
"4f1935eb-7670-4067-8bab-374d5534f633","D2D3.0","0.3922068","3.0656807"
"6914d5f0-5784-42f8-952c-97f7461e335c","D5-D1","5.2453165","6.8900504"
"f84ec71a-005f-4d63-a541-eaf5a6c03a40","","5.3447165","3.4569082"
"7e82dde0-bdb2-4fa3-80ea-32af9bffce5c","","6.2534537","8.16453"
"dfbb2f1f-6ebf-4700-b199-d62c824e8eea","D3D2.0","0.43677297","3.0956757"
"e2e6bd92-6c08-4815-a1e0-50ff328dd78e","D3D2","6.125897","3.2750056"
"69805217-da6e-4849-a3f5-0df2b96c4c30","","1.3","5.1"
"bc8b05f8-8dbb-4345-9aee-cef1433037e7","D3D2.0","4.8192267","3.5691824"
"0d414526-8281-4891-9efc-df53a3f12235","","5.604939","3.4038808"
"39fc6948-37f8-4aa6-9bdb-3d840c7a3cc2","","2.2677338","4.039503"
"50f107c9-767b-4fbb-b0d7-390276f5c7b5","","1.8705958","4.0301228"
"15d55bfa-c7f0-4bbc-8193-563e936a89cb","D2D2","10.627301","7.1196494"
"450052ae-2f04-4612-ad57-561532e55f50","","4.92","5.1"
"45e014ec-546b-447a-a792-d61fe60663c9","D2D3.0","6.3162937","3.2269194"
"7c79c406-4e7e-46ca-ad97-22daf8f44924","D2D3.0","1.0500209","3.744844"
"c2c2678c-b243-414a-b220-a9745d5f0919","","6.581301","3.1749573"
"df85ef5b-5bc8-4255-8960-2c6ed1c5191d","D3D2","14.354444","6.3197904"
"5f509a46-c1e5-4d81-97aa-4357468a649e","","4.9234533","5.456789"
"32bcfc47-e175-425b-aea3-f2e3d5c73f55","D2D2","9.079438","7.606512"
"cd161527-fe07-44e5-8f4f-66aa4d448786","","6.2534537","8.16453"
"2439fa7d-fd98-4c93-8b82-b36c248cfacf","D3D3","6.3214984","3.2534924"
"3a545fa0-5aed-4e35-be4f-946022cf20ce","D3D2.0","0.41470113","3.0959332"
"34c49558-7534-4a35-98aa-92ec4c2e8422","D1D2","14.638623","6.05065"
"43a1a0f3-26ee-4415-9a6f-ab29da87a912","","8.114008","3.8061068"
"97096146-4245-4310-acf2-76b2f49f82ea","D3D3","6.4360647","3.231914"
"3adf3cbb-3daa-44df-9cf0-8bc20e1dce30","","9.2307825","5.0141068"
"26941320-fa1d-4044-b2b2-a1ceeb02adbd","","0.9368645","4.323877"
"6580ede7-8d5d-4644-8a4a-4299105676f1","D3D2.0","6.466561","3.1981692"
"be79441e-dd27-40c6-a45e-5c243358a6a8","D3-D5","6.183742","3.2940443"
"1e20fc3b-0bb6-494d-b03c-46cabeda1581","","7.766004","3.875639"
"944e22ad-3708-47bc-8567-863bc5b9960d","D3-D5","6.38374","7.2513"
"c701f91f-0e22-4164-ae10-cceaf679d540","D2D1.0","0.6748225","3.3739676"
"1d08dd3b-86ba-4a7e-b78f-c250dba0c7fb","","7.27899","4.111111"
"62f3b8ed-6799-4127-9047-25a3dc94a828","","4.9234533","5.456789"
"8e00586b-2468-442b-9056-b576ed0130b1","D3-D5","8.992776","7.030704"
"479a332d-c082-49c3-b233-cbae10dde4d1","","3.2","5.0"
"89d3e248-b403-4f7d-97f4-7a836d1a072e","D2D2","0.40212664","3.0633316"
"7b87383c-1d94-4367-bc5c-5492934d3bdb","","6.5327344","3.211354"
"63e8137c-bc05-40d5-aed5-1834bce6958c","","5.681671","3.3830886"
"fe6d75c4-975a-4922-b933-66f8d3ef4f1f","D3-D5","2.9099326","8.714255"
"6c5bf63d-0e5c-4aae-be3d-10522f1d0130","","6.016335","3.3064423"
"0429bf19-9e16-4a05-a17a-7239951edae0","D3D1","4.740756","2.620309"
"5413f5aa-a581-4dd0-bf04-3bd973b7a01c","","1.0214946","4.402925"
"87702da3-6375-4ffb-8347-4b807b23319c","D3D2","15.302772","5.3065157"
"75673ef5-53b3-4377-aff8-865a451defb0","","1.2678765","14.411717"
"b91ebfbb-c8c4-4c3b-9899-8ba43161a5e0","","1.2378235","4.595215"
"a706f80d-5712-4f78-9c63-b5858ee0c79d","","5.946283","7.1295137"
"69a5b367-f307-41ec-96c5-ac24a2350edc","","0.8939805","4.2232747"
"85468c95-3a52-49b6-8052-018fce89f701","D2D2","0.58777744","3.294202"
"14043d0b-456e-431e-b997-3e8fbcf66663","","6.2776866","4.225929"
"c857304e-8856-4569-94ad-35cf8b3fda78","","1.3","5.1"
"07bf1eed-00da-4dac-b8fb-55e9feb9a377","","0.57009864","3.2375107"
"8d58fbbf-ade7-41af-9c03-e55b56d3de37","D2D2","2.1134353","3.6686022"
"11833ecf-9a2a-4a63-afc1-d432fb3bfd56","","0.6490052","3.3336408"
"8655d1de-1af5-47e9-8abd-ef72c8bb7a6d","D3-D5","7.820914","7.488305"
"94642b99-5ce2-4a43-8763-bb4189bc3f23","","3.2345679","5.3459535"
"e69f4191-787e-4877-9777-ffee8ad6cde6","","4.352315","9.456891"
"f1c1b6ca-e60d-4618-9c47-5d5b612dbde7","D2D1.0","0.548838","3.2116039"
"baa557aa-82c0-458b-923f-ba77a416e6ee","D1D2","15.213443","5.5136547"
"04eadc1e-6bc4-400c-bd44-282aedb2f7ac","","8.129656","6.869598"
"24f9b6d6-a3c7-4598-9705-4f310f68fa43","","7.7961597","5.314239"
"02ff0074-95e9-44c6-b406-c9996b477fb8","","9.094076","7.147458"
"f70db13d-3524-42c0-8d10-2d5f3d62f649","","5.0464277","3.5265749"
"844928de-8b86-4071-90c9-210b4c54c9c0","","0.8818891","4.2232804"
"d603ab60-6016-4cd4-9a7e-6be9f2a11d92","D5-D1","4.868609","6.7254615"
"1a0ce57b-9bc6-441a-b922-d92280cfb1a3","","0.91382825","5.24984"
"d8562bd3-b179-45e9-bc5c-35e9056107e4","","5.2","7.2"
"6f770896-2079-495e-ab25-9f261efcb6d2","","6.465629","3.1877687"
"2adaa412-91b7-4a43-954a-ac3d1edcc7a5","D2D3.0","6.0206194","3.3319466"
"83ef4efd-3808-4bb9-ba73-0c2287d24cfe","D2D2","0.4803342","3.165701"
"463e075c-cd79-4b35-8aeb-35b16d9078f2","D2D1.0","0.44093913","3.106342"
"aa48a261-6eb5-4369-a867-ee91d248bf82","D2D1","0.7045997","3.381507"
"df1a4206-035d-4689-8825-befa3dd80afd","","16.740181","10.763545"
"b2c194ce-011d-4bbe-afff-27ffec6abfe9","","0.9699962","2.9842231"
"67bb7514-936c-4830-885a-2a7f224b7d5d","D2D3.0","0.67494303","3.3296502"
"b90bfaec-63cf-4aa4-9e01-a3d76a79857f","","4.352315","9.456891"
"2cd3de3e-bf38-4952-b41d-317992e6d759","D2D2","1.0758867","3.8009322"
"7a171d0f-b7c8-4780-8cde-75b1a37b3272","D1D2","9.106252","7.37837"
"c0500cb1-1106-4bc8-b2e3-02f10c95f5ad","D2D3.0","0.46484074","3.1167953"
"cfc8c743-9ce9-4638-9c6d-8143c3012c11","D3-D5","0.48695177","3.164642"
"ed31cc95-5dda-45f2-b1f6-851e1812e118","D2D2","1.2630285","3.9822526"
"f46527c3-0c74-4114-bacc-8474c481bc81","","6.0760193","3.304376"
"415ccff9-4bda-47e3-8388-66ae68f2631b","","0.3668128","8.212305"
"b85d51b7-afb1-48a2-959f-0e9d34488e6c","","3.2345679","5.3459535"
"e6940bd8-c8cb-4458-9794-074a8c4405db","D2D2","0.7104","3.3736868"
"93dce255-34e0-4b01-9c9b-587116394f0f","D2D2","6.9968524","7.4223742"
"cc2e30e4-cd33-4585-87f2-e66a74295583","","0.66116786","3.3219292"
"b03fe64d-1fa7-4396-b3b0-63fc3fa67b16","D1D1","16.231808","8.273874"
"48367d7d-c4ab-42ec-a82b-c829943b545a","D2D1.0","6.1806884","3.2706676"
"8427aa13-6d25-422a-9dc9-922268248b71","D2D2","6.635145","3.1822565"
"39ab3aea-b259-416e-9df4-9ac1bf7cc883","D2D2","0.8630201","3.5187027"
"25b7bf9c-d8aa-43b8-bd71-cf46e0f725cc","D2D3.0","1.0980588","3.8129041"
"1ffd737e-4629-478c-b7b4-715aabaafa35","","5.8964515","3.3470435"
"1bb8b712-661e-4d49-a718-0fe541f580b5","","6.98798","7.53232"
"9a5b74a4-3570-45d1-90d1-f77f020f3b8f","","5.2529407","3.4944828"
"797a89e3-830d-452d-b7a4-ad68b0958fe6","D2D1","5.5162916","6.959105"
"0eff2b0a-a119-486e-b889-7938ad562a56","D2D2","8.028124","7.5078344"
"bf1b6aa5-5691-498c-9b20-443a0ecf9c09","D2D1.0","0.49414867","3.1523948"
"c4e19020-ddac-465d-81d6-929b5edef18c","","0.849709","3.5085347"
"77fb6416-ab4d-494c-85cb-26438c64571d","","4.23134","5.522254"
"d5039c80-4233-47b2-8974-a2648d54b6ae","","1.121329","3.8298397"
"6230d50f-bc73-4e18-a0e2-880ed5cfd77f","D2D3.0","0.8472792","3.5257647"
"db3dbc52-7f72-4757-a364-4e1f2f039cb6","","6.8147945","3.1241856"
"f306a533-2049-411e-85bc-ea6743b91863","","7.27899","4.111111"
"4c7eb5f8-3786-442f-82a5-04b0291fefab","D5-D1","5.9606276","3.3344216"
"d730628e-8f56-4623-8530-a0bd287cf1e9","","3.329315","8.755544"
"5ef3da61-a9b6-4534-9eb1-39d7f943a6c7","D2D3.0","5.606836","3.4137428"
"2f7c5b99-b9d9-44f1-82c4-555c6354c91b","","6.98798","7.53232"
"cbacea0a-c628-40eb-8908-1eef1a296fe3","D2D2.0","0.68869907","3.375884"
"edf3f5a2-bd66-4c02-821a-53782548f6c9","","0.8417653","5.224976"
"392dbbfc-094f-4067-b33e-5537885f1813","","5.2917123","7.00363"
"5387b874-b97d-40b8-9a1d-4bf1633f7ed8","","7.658331","5.3145385"
"82293e04-8e7a-490c-af2d-f07bd0e82df8","","8.43799","7.4714417"
"3b54102f-ac42-4c7c-aa91-3b020563e622","","5.6816587","3.3914537"
"849b6429-e87c-4727-a454-f3be43280ec3","D2D2","0.5021522","3.170271"
"32f2a647-90a0-4903-b3c1-21a08076df3d","D2D1.0","5.686421","3.3991466"
"f1b428eb-675e-4fc8-a27e-eded8d9a6748","","5.234384","7.847374"
"d57ae68f-b99a-4422-9a5e-8491d1c4ec3d","D2D1","0.8852406","3.5723958"
"73057af2-15ec-4841-9e53-b5100285dd55","D2D1","6.6521006","3.162379"
"2e41d6eb-0cfe-4c34-bb5a-b504d1008802","D2D3.0","0.79906607","3.4876502"
"75083fe0-8348-4e18-a8e1-fc33acae4cfb","","0.7345377","3.407144"
"cec31e7c-cf8f-4615-adeb-2f5791fb1d3b","D3D2.0","0.6508586","3.316335"
"2ab2113f-1825-43e8-a919-503024b337a7","D2D3.0","0.5226738","3.1737497"
"fc882a6a-bf69-475b-80ca-9f436cd8e9eb","D1D2","4.4444275","6.6749654"
"8c87cabc-b6f8-46a5-8fd9-e52b07b44de0","","13.764316","10.842594"
"76e64dd3-82ea-4cde-8798-45d961031d2d","D2D3.0","0.40571734","3.0700529"
"845bdf75-b6d1-467b-a4dc-93e9cedf6dc7","","0.6351195","3.3251588"
"0b24d060-4cc4-4b8d-8682-26c84df48638","","6.2534537","8.16453"
"7f6e1afc-b258-4067-b65e-f89fe0d3ddc1","D2D2","0.87074435","3.5542798"
"976bf81d-639f-4faa-9bb9-6b2aab4d17e1","D2D2","6.184061","3.288003"
"f53791d3-4939-42ca-915b-5451c69e8038","","1.6259154","6.0435004"
"06f849bc-a4b0-4147-9934-6f86bf4ae203","D3-D5","6.605703","7.283014"
"6a2a0533-ada0-4068-9a83-0d151813c334","D2D3.0","6.430865","3.196744"
"0be07d4b-496d-4bde-b6e8-20ecfcfe61cf","D3D1.0","6.3176475","3.232216"
"a0416b4c-067b-4fb6-8c57-d122e5961d9b","","5.253115","3.4883466"
"85a8ef05-8a71-437e-a977-3ce0ba271e2d","D2D2","0.4975654","3.154466"
"b66590d2-bac4-477b-9928-19c16f2bbfea","D2D3.0","5.826386","3.339863"
"40353c3b-5498-4e5f-8240-1c2098d92750","D3D1.0","6.1277924","3.2587183"
"ab054aa1-1dd2-47ad-b038-1eec8a097bce","","9.860417","4.843856"
"3c5c2f13-68ba-4ded-b2cd-7c17189a5165","D2D1.0","0.56640005","3.2506595"
"5524f94d-bb57-4204-89a1-f8c64a4b3d04","","0.64981896","3.3271708"
"f7e12f64-dd0d-4e19-bd2c-1d7645308300","","5.0","9.5"
"3eca898e-4269-4ba9-a8f4-ce05f6b667d6","D3D2.0","0.93749326","3.6326678"
"fcf28ddf-53d5-4990-b7d9-cc97a83e15e6","D3D3.0","6.531859","3.2085128"
"cea29d70-1b4e-49a5-94d6-817a8ea7c43c","","0.957591","3.658233"
"987ce63f-16dd-4b5c-be93-6452cc64ac29","","2.1707218","6.172045"
"7f998c82-ace6-49b6-9b06-31e6501d1a44","D2D3.0","0.5382246","3.203781"
"bf000a56-e5c1-49dc-befd-a3d67d65663b","D3D2.0","2.0844958","4.025819"
"3d2ac328-3c63-4461-a1be-93d09dff6d3e","D3D3.0","6.7542286","3.1408932"
"3313b8cc-fc01-4483-95dc-8356dadf20ed","D3D3.0","0.47178316","3.1323233"
"f11c72fc-be7f-4895-91b8-5ee8aaf3cffa","D2D3.0","6.077857","3.3140073"
"6245ed21-edbc-4785-a504-e919c2201c6b","","0.57817936","3.2507865"
"3b34faeb-1c5a-4c96-a864-bceefca16092","D2D1.0","0.5013338","3.15387"
"d2fc5cad-c009-4867-bab8-f531a9017696","","6.2534537","8.16453"
"9da0477f-211a-4299-b2fc-044a98273adc","D2D3.0","1.1169782","3.812202"
"26b2a0b7-0d09-4061-ab42-29d3febb164c","D1D2","1.1657802","3.9575477"
"84d3418c-c2c3-4121-89cb-3dc0ef8d3754","D2D2","0.3823268","3.0521145"
"849e4fb8-163c-49d5-9dd1-a48dd9906efd","","0.8053172","2.1849675"
"6cc056c0-6eb2-4f7f-9176-3e2ac380ed3e","","1.0027533","3.6738396"
"15b8640a-87f7-424e-94b0-d529c80ca63d","","2.025958","8.302349"
"96b7e699-3903-4d7f-b40d-2731f2c4a877","D2D2","0.37761915","3.0380814"
"20e0cdfe-7a79-4ac7-ac8e-843b1e6cc194","D2D2","0.48472288","3.146767"
"da1e3ef3-7f7f-4bd8-91ad-c5c843057488","D3-D5","9.021752","5.073484"
"49ee0cfe-f5cd-4f18-af81-b0d965c8cebd","D2D3.0","6.0159707","3.290826"
"c4a71d38-d72a-4dae-91fc-45de9d033548","D2D2","0.78446925","3.4593554"
"3e80574b-4c6b-4f8b-966a-f71676cd0aec","","9.228637","5.00777"
"c2f1163a-75e4-4127-b2ea-8ee919ec2cfe","D3D3.0","6.651979","3.159996"
"4607e862-f77a-4602-876c-f95673383843","","0.9470119","3.6050766"
"03d66754-3159-4e0f-bdc7-62b08c287f2d","D2D1","6.670938","3.1477885"
"c17ee3f9-c3be-4c27-8c5a-ec188657347f","D3D2.0","0.63704395","3.3075216"
"4e4ab436-20d1-45f6-b0cc-ea7bf887ffb7","D3D2","6.635495","3.1834025"
"e039c206-c356-4276-a728-30e670ad7262","","2.8167067","3.951348"
"698e05cc-a311-4f13-aa71-b59dfb968c34","","1.2147326","3.9656367"
"6a5bb3c3-ca35-4857-aa7e-749184e0705b","","5.896397","3.3511777"
"fec540ae-8e12-440f-9b93-1fad425c2b97","","0.90605175","3.5722935"
"1c8a389d-c64d-4c7a-9270-db9ff7b82eb8","","1.1207918","3.8408253"
"aaa9dccc-466d-4865-a462-031b3d114677","D3-D5","8.514162","7.580156"
"050496ed-6828-4538-80c3-d4fae578ada1","D2D2","1.1487762","3.9047852"
"1e108a44-c43c-493c-911e-64e76253c820","D3D1.0","6.356061","3.2254245"
"c7d4c588-a863-4f58-a1f6-eda2c69f0cf6","","3.2345679","5.3459535"
"fb3facc6-1b4e-4415-ac7c-97fed9d9d1ab","","5.959829","3.3383963"
"82880c9a-f971-4c5e-91cf-cbb2a5814557","D2D2","0.90530825","3.5834997"
"98fc2649-6f24-4a82-8645-d445336bd5d8","D2D2","3.1570134","1.1414125"
"2a71d7e4-e6fe-401d-83f5-c37c68128d57","D3D1","5.359387","2.4951632"
"9bbe37b1-7532-4b0a-8ba8-2d9dff2931d3","","6.3574243","3.21821"
"ce76223d-607f-4d8c-90af-76e9c3c0699d","","3.3238466","5.1367483"
"e76d33eb-82be-4a97-acee-6fa460c90460","","11.234568","6.3456783"
"2f8c9949-23e7-48e2-bdac-345ebced8b8d","D3-D5","2.2841432","10.011814"
"6f98637b-6e6e-4956-be4b-e2def5b964c8","D2D1.0","0.9096332","3.5858111"
"997af2f5-8c27-41b2-897d-d4ba7dfd910f","","6.2730703","3.2540998"
"f131cb17-4251-40f8-a82f-0a699c894288","","2.2734315","4.0169444"
"9b85568f-2b7b-465a-aac8-1c087afde09e","","1.1055952","4.483812"
"6760b267-87f1-4475-a04e-bf2946d20ee0","D3-D5","2.0629437","10.485204"
"48302c2b-9d0e-49c3-ad3b-1000dd4254e2","D2D1.0","0.9134419","3.5656319"
"2ed500d4-44b4-45ef-835e-a38d6cd7d812","D1D2","6.808513","3.1277587"
"9e1b9166-bfbe-46c8-9dd6-e6ae4c493c8e","D1D2","0.70269966","3.3714805"
"aa713ce6-5474-4b36-ba82-e6db1045b94d","D2D3.0","0.3725255","3.0456803"
"7e71c749-8030-43d1-b151-aba97574e140","D3D2","6.6352644","3.1808488"
"e75da244-9f86-41e2-ad16-f472583003ce","D2D2","0.9499364","3.6006095"
"6ed3b394-3952-47e6-86d7-937631678203","D2D1","5.3521185","6.9957614"
"924a7865-30f0-4aab-8950-2f0791d2b39c","","0.79939526","3.46111"
"76799b5e-8aaf-433d-be65-39aab0e3e928","D3D2.0","1.5868372","9.067552"
"c1472c9f-7636-4fba-b3de-64d8c59a22b4","","1.0264596","3.725239"
"32895ae6-f0ab-437d-9d1b-9ce9e9cc6e9f","","0.87405497","3.557309"
"82f6631a-0b94-4adb-8442-30d66b3960bc","","4.23134","5.522254"
"5df9d60c-0473-4c83-b860-2fab8f5c1852","D2D1.0","6.074786","3.3020008"
"34a9fd4f-a66f-43bb-be03-7d46b98bdc11","D2D1.0","6.178988","3.274967"
"67eb7aef-022e-4165-b400-06b7fde32ea4","","0.6368555","12.7405615"
"0771f8e7-b1e9-479a-b3ef-d65a0f1cb96b","D3D3.0","5.8934364","3.3249917"
"cb7dbe77-57bc-43a1-893d-f61e1f7b934f","","9.692411","4.905785"
"9dcad7a6-9b05-45f8-8c4c-55d873c6c5f7","D3D2.0","0.39685947","3.0690944"
"7d896691-7e39-4260-bacf-ae24f4c7e452","","6.5610137","3.2013113"
"2f2aca65-1cc8-4c81-95df-3ad60964a394","","5.6852884","3.3934753"
"1cf0d590-50e8-4315-8b4f-be375754ae8f","","1.3238465","5.1367483"
"34c42174-cfc4-4927-9383-2fdf0edb7e88","","6.674688","3.1644497"
"9f612c22-c8ca-498f-ba5e-d853bf92d991","D2D2","10.094486","7.2000237"
"3fc9e3a7-93f7-403b-818f-b65d345c78a4","D3D1","5.358309","2.4876442"
"bafe2c70-5636-4ffd-b709-02bd0b041afe","D2D3.0","0.466804","3.133909"
"d4a83f02-2e7b-4897-b12b-f7936f8a1a0e","D3D1.0","5.956393","3.3246975"
"f55f1799-965e-412b-891c-49178ba3be55","","1.1873161","4.9669394"
"bfc2b602-d997-4904-959b-476aec89dff8","","0.53745604","3.2053776"
"97a768b9-16bc-4d0a-bdfe-d979092f21fb","","2.6853251","10.489945"
"734497ad-3aa4-4921-a61c-04ad7ee62a8f","D2D2","0.49355385","3.148587"
"94d72600-4363-4f3e-9905-756fb96b344a","D2D2","0.49232525","3.1578295"
"0a19e005-674a-4efd-8be2-13fb883d72f2","D1D2","14.779266","5.8376274"
"86862101-2074-4c7d-80b2-e8f906734917","","1.2821962","5.6614532"
"c508068e-192e-4891-8f2e-492b28268da3","D2D2","0.77625436","10.015084"
"707ab35f-7ba5-4afc-b00a-f78259e03147","","8.271042","6.775856"
"66c09e98-0f90-47be-a90f-3c3b20d87bf6","","9.49412","7.421161"
"d8a68b7a-c73e-4c48-883a-a1f8d4f65570","D2D2","6.558941","3.1971598"
"43e52978-fccd-45da-ae4d-60d6a7542799","","0.65984523","3.3329701"
"61d24f20-6c96-4371-ba29-a1b8b0fcc039","","0.6271361","3.3322988"
"cbceba6b-7e12-436b-b983-251f6390cf71","D3-D5","8.862356","5.094923"
"da9da310-62a8-4b7c-91e1-a1d7a08664c5","D3D3.0","6.6565537","3.1739967"
"03245ed7-348d-46d3-ac14-53b19e86dc4d","D3D1.0","6.316451","3.2264407"
"61278061-1668-4097-b45f-d57b6ad59f14","","6.5277147","3.193398"
"97a81d78-ca8b-4093-bd47-345c5f599cbd","D3D1","4.490983","2.6778572"
"d96bf6f1-76d7-4456-afb5-4c72df9e4879","","5.234384","7.847374"
"1ed89b90-f51b-4fcb-a6d1-8940b6fcdec0","D2D1","8.117064","7.577977"
"9b98c5d0-9b2a-4ef7-81ab-47cadd9fabed","","1.069688","5.4573174"
"390249f3-3109-4c24-844f-7416db36b30d","D3D1.0","0.59647375","3.258364"
"1d699015-fdaa-4429-9636-1f5b7b332776","","0.83516407","3.5238774"
"360d9caa-9207-43c6-b79c-cd31156a9fe1","D2D1.0","0.4387459","3.1005828"
"35e46c3a-04d8-47c8-b9ac-56e859a0ae9e","","5.0","9.5"
"37884f48-420b-4510-a705-f6a759f1d71f","D2D2","1.8755397","4.0825305"
"6d3c6d36-ac12-4fcc-a024-76211e2af3a8","","1.1046776","5.40462"
"c8fc07f0-52ee-4429-8836-831c63772627","","6.231073","3.2807877"
"0300b7bf-267a-4734-a93e-487722e38bd5","","5.60559","3.4025958"
"9738b759-f50d-44bb-baed-75aee54eeb0f","D3-D5","0.4866477","3.167633"
"3a3a6b80-a77e-44d6-8fd4-3d5ac9372d91","","6.6556783","3.1736631"
"e27ca17f-0a16-450c-868d-816f9c94fe1d","D2D3.0","0.37355292","3.046872"
"e14566ae-3f00-48bc-927d-2cd87f4c36d3","","0.48715508","3.0271552"
"8265e538-e71f-4dec-852d-0334e59be864","","0.685465","3.3478565"
"9fae512f-e556-4a6c-9522-6541f6134e20","","8.182454","2.507566"
"9a3bd8c5-1e86-4f20-a68c-ce2a9bb0dd92","D2D1.0","0.39781982","3.0538535"
"6d7c4850-9eee-4d62-9e70-bdc9db78ad4d","","0.6519266","3.3308277"
"0b44a127-4e2b-41c9-ba38-9f8844eaef59","D3-D5","7.311871","7.4641514"
"0236d2bf-d624-42dc-b898-6565b1a44db0","D2D1.0","0.4118509","3.0814075"
"c2f5582d-bc9f-4d2e-b402-d99ea906e17b","","9.833081","4.8743153"
"ef2143fd-6417-4981-a52f-3fe2d7e42800","D2D2","0.38618913","3.0518954"
"3c49925d-e5b7-4d98-a681-de6cc34c6a66","","0.5698968","3.2243512"
"978c74f2-4e31-4dfc-a8eb-5abf5a9144bf","","8.944939","5.092942"
"656a99f2-70ec-452e-a648-cce81d6cf37d","","5.957542","3.322235"
"405bbad5-b05e-4467-ad4b-de25c27dcd10","","6.712251","3.1658964"
"eaf799ef-7b42-417f-95da-2385f5f488d7","D3-D5","7.212275","7.339176"
"ef8051d8-d920-4e63-98cc-d8e8fd29118e","","6.078326","3.3177764"
"f7c09ad2-fb06-43c0-965b-e1a24c1cf460","D3-D5","6.6392794","7.287552"
"8e0b2fc4-dcbd-4a7d-93bc-b22ab387d6c9","D3D1","5.463694","2.456393"
"0b897e90-2e1f-453c-980a-a6800fcebb19","D2D2","0.9565437","3.671938"
"7e34f60c-7318-4847-931b-289b5842adb8","D2D3.0","0.49671072","3.1607573"
"ad265308-e15e-4dce-afc4-64a3f640ad29","D1D2","6.6540475","3.1711895"
"87c41c4d-5183-4b4a-a419-8e1f90420039","D2D1","5.8282185","3.3634064"
"eb417876-99b9-4f64-97e6-dab1f0542340","","0.5567217","3.2239203"
"2c779a82-b130-45b1-93dd-ae7b4e9577b6","","0.94482255","5.29509"
"c257e749-26af-490d-b6a2-e0fae27382ff","D3D2.0","0.40077475","3.0662143"
"48b7bec6-83fc-4b0e-877b-dc31dcc89f86","","9.916853","4.8476505"
"96d76b62-0d4b-412f-8c5b-c253309866de","","1.0328708","5.366158"
"1c896ce4-c222-4669-9b2e-3e0937c00623","D3D2.0","0.48172846","3.1433716"
"ad61cb67-dcd6-4820-b384-60fc0fb50128","D3D2.0","6.5547028","3.1783757"
"76ee604b-e15e-46f9-8054-720f7767a126","D2D1","4.43919","6.697344"
"e7d0da08-b2b4-4004-be03-e3372051cfee","","5.6073194","3.4125185"
"e748f0e9-c196-4aa7-826b-22aa091058b3","","0.6276104","3.32839"
"2aa8eeb2-b5cd-494f-a798-7b1155df16fa","","2.3505356","10.760631"
"6d2dbacf-8c23-4460-8bad-67792f8a571a","D3-D5","6.1877785","7.170556"
"5e78a845-29f8-4db9-8e9f-6f2ea1b09dd4","D2D3.0","0.91068","3.6248727"
"cbc3527a-471c-41f7-a0be-dc7363f93ddb","D2D3.0","6.709199","3.1534007"
"463f03f0-c10c-4461-946e-ed3481a07c6c","D2D1.0","0.63097817","9.890455"
"e3131da2-2605-4ac2-8cdf-7b41b32a519e","","6.98798","7.53232"
"ce8f6e0e-fd88-448e-9415-72f16f1fc37f","D1D2","5.754439","3.3461154"
"e5427c7c-29f2-42ed-96e5-6bb1984afc53","D3D1.0","0.8097796","3.4615426"
"71a310f5-5dbe-442b-8cf6-b0b90ac94c0f","","0.7270652","3.4174175"
"cecc8fd2-ce68-4360-975e-2bb07ef083cf","D2D3.0","6.0209956","3.3201358"
"28817bbb-0402-45b0-b2fe-a15d4801bd05","D2D2","0.3757502","3.04245"
"38cb016a-5349-4136-887b-5adbca13e670","","6.725895","3.154044"
"7567cc33-4f0f-49e3-a05a-d04b17465533","","8.861607","5.090942"
"fb30b016-2d87-4672-a5e0-7eae9677113f","D3D1","4.6831446","2.6393325"
"550ebacf-76a8-45a4-8a28-6f4fe15d2567","","8.15946","7.1370487"
"587dad9a-335d-4408-a7d6-2f35c6513f93","","0.5808877","3.2473552"
"201d2100-d6fd-4865-8a1f-070fee7345d1","D3-D5","8.859356","5.0688047"
"8f344459-0922-41f6-8268-9473ddb625cc","D5-D1","5.6013103","3.382886"
"e070081e-8adc-48fe-b440-2af0d2c12c2e","","5.680865","3.3792987"
"e62afb5b-62e7-4708-9cee-ed9fceb26047","","5.5209513","3.4009311"
"e41a6072-3462-4f2d-916b-b0e574c20d86","D2D2","0.89077914","3.567365"
"22645b37-25ee-4aba-a796-d14f07c9648b","","9.226642","4.987456"
"adfe9a9f-7cce-4223-9eb5-2a417ddd051b","","1.0763458","2.8781865"
"13c3f7e7-736a-4f3c-98bc-254cb323241c","","7.27899","4.111111"
"ba38b2b7-25af-466a-8b1d-f0e268e81e4d","","4.352315","9.456891"
"b9cff97b-e324-4585-b8fa-747c31d91aa2","D2D1.0","0.8898904","3.574228"
"5c9a2d34-901f-49b7-9255-29937809e742","D2D3.0","1.8808215","4.0384064"
"e08055f2-73c4-43d7-bbde-bd1b428e5bd3","D3-D5","0.5013203","3.1601045"
"acf98a9a-48d0-474a-89c5-a92bd9a996f2","D2D3.0","1.0132582","3.760114"
"4d2b7618-6448-43e0-b9a0-61ba7ecde581","","9.916184","4.845557"
"df2924d7-ca03-4bc6-a9d7-118195e0c838","D2D2","0.65245265","3.3054693"
"2c09e6fc-7da1-4d72-976a-0074e09f28ea","D2D2","5.685829","3.4007359"
"e1219b60-c792-400a-ab19-a9d702852cb3","","5.2","7.2"
"36371e86-d180-4f1d-87e7-7577e07f6df0","","9.732127","6.9881573"
"95873e5a-9e30-45dc-8204-ba5708b0f648","D3D3.0","6.77711","3.1269524"
"db3d206f-8064-4c9b-962e-69358c478de7","D3D1","5.502919","2.452962"
"d1558301-917f-41cb-b5da-cec650688dd4","D2D2","0.5766474","3.2455115"
"68dd73ae-d6b9-4154-8938-c16e96cf9e60","","5.4335084","3.4152195"
"2f0e3cdf-11ba-4fcd-bfd4-050c4bcda7e8","D3D2.0","6.320741","3.254757"
"a5a53225-4dc3-4a5f-b847-13b194396160","","4.9234533","5.456789"
"d1fb0dd9-2450-413d-b1de-041a0ff10803","D3-D5","18.893673","10.402968"
"84fc9b44-4b30-497a-b96b-dafd5015f67a","D2D2","1.724892","9.393477"
"164dd765-8719-4224-989e-ec2e8f33088a","D3-D5","6.863771","7.358206"
"aeb70382-dbdc-4384-9d41-30b14a6e715f","D2D1.0","0.54376876","3.2031548"
"f9a268ac-4e06-4e64-9290-625d7d42c4e1","D2D1.0","6.1831465","3.2829092"
"100a1a39-ceb7-458d-b931-dbd5c6209a59","D3D3.0","0.6393661","3.276303"
"f289da59-e495-4845-8b5f-210c0ca98b26","","12.195603","8.711969"
"61414c40-bcc4-47cb-8468-b0b2c0921217","D1D2","0.39915264","3.0570781"